<?xml version="1.0" encoding="UTF-8"?>
<project-private xmlns="http://www.netbeans.org/ns/project-private/1">
    <editor-bookmarks xmlns="http://www.netbeans.org/ns/editor-bookmarks/2" lastBookmarkId="0"/>
    <open-files xmlns="http://www.netbeans.org/ns/projectui-open-files/2">
        <group>
            <file>file:/C:/Users/tdao4/OneDrive/Máy%20tính/NetBeansProjects/sever/src/com/raven/model/Model_Send_Message.java</file>
            <file>file:/C:/Users/tdao4/OneDrive/Máy%20tính/NetBeansProjects/sever/src/com/raven/service/EncryptionUtil.java</file>
            <file>file:/C:/Users/tdao4/OneDrive/Máy%20tính/NetBeansProjects/sever/src/com/raven/main/Main.java</file>
            <file>file:/C:/Users/tdao4/OneDrive/Máy%20tính/NetBeansProjects/sever/src/com/raven/service/Service.java</file>
        </group>
    </open-files>
</project-private>
